step,sampling/sampling_logp_difference/mean,sampling/sampling_logp_difference/max,sampling/importance_sampling_ratio/min,sampling/importance_sampling_ratio/mean,sampling/importance_sampling_ratio/max,completions/mean_length,completions/max_length,entropy,kl,reward,loss,diag/accuracy,diag/zero_var_group_ratio,frac_reward_zero_std
1,0.01217,0.329,0.418,0.9856,1.722,103.8,195,0.4237,0,0.8188,0.133,0.625,0,0
2,0.02342,7.584,1.455e-07,0.8927,1.791,103,396,0.568,0,0.5438,-0.0325,0.3438,0.5,0.5
3,0.01436,1.266,0.254,0.9063,1.79,115.3,225,0.4305,0.0004112,0.6375,-0.1145,0.4375,0.25,0.25
4,0.0188,2.776,0.01428,0.9186,2.433,102.8,287,0.5996,0.0005297,0.575,-0.03821,0.375,0,0
5,0.02105,3.299,0,1.031,2.936,121.8,275,0.4885,0.0006118,0.45,0.1148,0.25,0,0
6,0.01194,0.3402,0.2929,0.9687,2.876,118.7,380,0.4622,0.0003584,0.7313,0.3009,0.5312,0,0
7,0.01846,1.218,0,0.9002,2.194,91.06,180,0.6184,0.00056,0.7625,0.02811,0.5625,0.25,0.25
8,0.0167,1.828,0.09463,0.9073,1.949,125.3,250,0.5466,0.0006207,0.4438,-0.06247,0.25,0.25,0.25
9,0.02053,0.6346,0,0.8946,2.856,112,187,0.5964,0.0005284,0.5375,-0.01187,0.3438,0.25,0.25
10,0.01575,0.6831,0.1636,0.9534,1.747,128.6,681,0.5379,0.0004631,0.8249,-0.1299,0.625,0.25,0.25
11,0.01567,6.693,0.0001214,0.8476,2.113,146.7,250,0.4947,0.0004048,0.575,-0.1457,0.375,0,0
12,0.01952,1.132,0.2189,0.9135,2.754,85.03,281,0.663,0.001443,0.6375,-0.04325,0.4375,0,0
13,0.01737,0.9345,0.2488,0.9322,1.57,112.3,253,0.6621,0.0005294,0.7313,-0.07465,0.5312,0.25,0.25
14,0.01868,0.5495,0.4967,0.9904,2.086,86.28,158,0.5566,0.0007013,0.6063,0.05484,0.4062,0.25,0.25
15,0.01475,0.727,0.2908,0.9125,1.24,90.47,164,0.4502,0.0004775,0.6063,0.02163,0.4062,0,0
16,0.02155,9.185,1.02e-05,0.8317,1.788,113.9,224,0.5484,0.000514,0.575,-0.1014,0.375,0,0
17,0.01547,0.6182,0.4823,1.025,1.738,84.5,138,0.4857,0.0005785,0.6375,-0.02653,0.4375,0,0
18,0.02194,11.7,1.518e-07,0.8914,1.618,98,160,0.3877,0.0004744,0.825,-0.08786,0.625,0.25,0.25
19,0.01287,0.4005,0.3956,1.072,2.837,91.84,147,0.4968,0.0004596,0.8563,-0.01141,0.6562,0.25,0.25
20,0.01463,1.951,0,0.9102,1.881,118,187,0.4458,0.0006116,0.7938,-0.1077,0.5938,0.25,0.25
21,0.01418,0.4534,0.3736,1.032,1.551,81.44,159,0.4917,0.0004872,0.7,0.01421,0.5,0,0
22,0.02017,3.159,0.003931,0.8861,1.822,94.03,194,0.5719,0.0007265,0.6375,0.02265,0.4375,0,0
23,0.01855,0.6646,0.2503,0.8548,1.531,162.2,398,0.6663,0.0007026,0.45,0.08208,0.25,0.5,0.5
24,0.0127,0.4964,0.3566,0.9535,1.596,78.84,143,0.4354,0.0005862,0.9188,-0.09259,0.7188,0,0
25,0.01372,0.685,0.4115,1.049,2.238,88.28,163,0.45,0.0005444,0.5125,-0.02743,0.3125,0,0
26,0.01423,0.3965,0,0.9351,1.267,107.5,700,0.574,0.0005496,0.7875,0.3262,0.5938,0.25,0
27,0.01622,1.762,0.211,1.015,2.862,127.3,263,0.4607,0.0006296,0.45,-0.05093,0.25,0.25,0.25
28,0.01379,1.035,0.4128,0.9292,1.698,107.9,168,0.4105,0.0007201,0.575,-0.1084,0.375,0,0
29,0.01822,3.508,0.00063,0.9312,1.662,102.5,245,0.4876,0.0006022,0.7938,0.05459,0.5938,0.5,0.5
30,0.01416,0.4472,0.6807,0.9781,1.795,111.4,157,0.5178,0.0006753,0.7625,-0.1329,0.5625,0,0
31,0.01516,0.9693,0.2627,0.8147,1.466,142.9,235,0.5251,0.0006591,0.6375,-0.006563,0.4375,0,0
32,0.01127,0.2921,0.3268,0.9439,1.464,79.31,194,0.373,0.0006365,1.044,0.03655,0.8438,0.5,0.5
33,0.01199,3.851,0.01643,0.921,1.517,101.1,169,0.33,0.0006076,0.7,-0.03834,0.5,0,0
34,0.02871,13.31,0,0.8389,1.91,120.9,248,0.5267,0.0008077,0.6688,0.005428,0.4688,0.75,0.75
35,0.01659,0.7013,0.5646,1.009,2.094,84.41,170,0.5737,0.0008977,0.8875,0.08587,0.6875,0,0
36,0.01525,2.297,0.1056,0.9927,1.798,103.7,256,0.4582,0.0009083,0.7,-0.0688,0.5,0.5,0.5
37,0.02022,3.009,0,0.8419,2.819,93.62,204,0.4834,0.001057,0.8563,-0.07507,0.6562,0.5,0.5
38,0.01918,8.97,4.635e-09,0.8945,2.123,136,248,0.4962,0.0008112,0.6688,0.01051,0.4688,0.5,0.5
39,0.01598,0.3968,0.2299,1.01,1.967,118.2,606,0.5573,0.001162,0.5625,-0.04681,0.375,0,0
40,0.01716,4.513,5.933e-06,0.9164,2.11,124.3,239,0.4112,0.0007933,0.8563,0.03088,0.6562,0,0
41,0.02031,6.032,1.849e-05,0.8686,1.564,100.4,281,0.485,0.0009612,0.6063,-0.002119,0.4062,0,0
42,0.01921,6.097,0.001337,0.7655,1.41,113,212,0.5384,0.001156,0.7313,0.008133,0.5312,0.5,0.5
43,0.02212,8.689,2.214e-05,1.028,2.613,100.8,247,0.5707,0.001236,0.6688,0.208,0.4688,0,0
44,0.0173,1.414,0.1276,0.8909,1.955,110.8,269,0.4651,0.001287,0.5125,0.01963,0.3125,0.25,0.25
45,0.02463,7.875,0,0.7707,1.639,139.9,320,0.5044,0.001229,0.475,0.1865,0.2812,0.5,0.25
46,0.01746,10.69,6.501e-05,0.9099,1.608,100.4,263,0.3628,0.001595,0.5438,0.06033,0.3438,0.25,0.25
47,0.01829,0.48,0.2827,0.9836,1.957,100.3,209,0.5823,0.001486,0.825,-0.02674,0.625,0.5,0.5
48,0.01576,0.8326,0.2642,0.946,1.799,112.1,208,0.5615,0.001654,0.6313,0.07482,0.4375,0,0
49,0.01425,0.8658,0.2576,0.9879,2.597,109.7,193,0.4005,0.001265,0.7938,-0.02383,0.5938,0,0
50,0.01293,0.4619,0.5717,1.102,2.331,99.44,170,0.4,0.001749,0.825,-0.07155,0.625,0,0
51,0.01673,0.8393,0.2817,0.9098,1.809,94.56,318,0.5865,0.00179,0.8563,0.2662,0.6562,0.25,0.25
52,0.0236,8.484,1.405e-09,0.8382,1.52,108.1,220,0.5218,0.001926,0.6375,0.02864,0.4375,0.5,0.5
53,0.0222,0.9114,0.06994,0.9588,1.977,115.6,180,0.678,0.002126,0.575,-0.06966,0.375,0,0
54,0.0148,0.6343,0.4762,0.9722,1.998,96.22,189,0.4856,0.001903,0.9125,0.0678,0.7188,0.25,0.25
55,0.01337,0.4832,0.6305,1.094,2.144,78.28,151,0.4037,0.001252,0.975,0.1892,0.7812,0.25,0.25
56,0.01772,0.7507,0.4661,1.034,2.018,114.6,253,0.5471,0.00241,0.4813,-0.0006484,0.2812,0.25,0.25
57,0.01357,4.863,0.002443,1.087,2.481,129.8,266,0.356,0.001637,0.4813,0.09643,0.2812,0.25,0.25
58,0.01534,2.726,0,0.9232,2.483,153.3,227,0.4156,0.002101,0.6625,-0.0833,0.4688,0,0
59,0.01518,1.303,0,0.949,2.055,107.7,313,0.4499,0.001975,0.6313,-0.06621,0.4375,0,0
60,0.02182,1.352,0,0.9147,2.09,106.4,638,0.613,0.0032,0.7,0.2321,0.5,0.25,0.25
61,0.01126,1.55,0.1947,0.9954,1.912,104.5,197,0.2851,0.002182,0.8875,-0.1236,0.6875,0,0
62,0.01927,1.61,0,0.9824,1.944,114.7,277,0.5318,0.003476,0.4813,0.07798,0.2812,0.25,0.25
63,0.01789,0.4876,0.2883,0.9431,2.267,143.9,382,0.5471,0.002943,0.575,-0.01764,0.375,0.25,0.25
64,0.01891,6.54,3.611e-06,0.9133,2.052,104.7,261,0.494,0.003109,0.5063,-0.06353,0.3125,0.25,0.25
65,0.02289,4.366,0.005122,1.055,2.873,119.3,240,0.5702,0.003323,0.6938,-0.04374,0.5,0.25,0
66,0.01708,5.206,0.0003266,0.9631,1.928,117.5,200,0.372,0.003353,0.5125,0.03769,0.3125,0,0
67,0.01825,0.9202,0,0.8898,2.029,158,700,0.534,0.00406,0.4438,0.02419,0.25,0.25,0.25
68,0.01492,2.845,0.04814,0.9213,1.646,101.5,176,0.3921,0.002952,0.9188,-0.01795,0.7188,0.25,0.25
69,0.01838,0.6736,0.1235,1.041,2.223,111.2,700,0.5686,0.002846,0.8563,-0.1106,0.6562,0,0
70,0.01331,0.5766,0.2948,1.087,1.946,122.6,249,0.3601,0.002699,0.5125,-0.07308,0.3125,0.25,0.25
71,0.01739,8.48,0.0001743,0.8775,1.709,128.1,291,0.3503,0.003571,0.95,-0.1007,0.75,0.5,0.5
72,0.02082,3.885,0,1.02,2.247,151.9,246,0.4642,0.004237,0.5438,0.1209,0.3438,0.5,0.5
73,0.01231,0.3704,0.6382,0.992,1.484,67.03,103,0.3532,0.002867,1.075,0.02095,0.875,0.5,0.5
74,0.02027,0.7676,0.3808,0.8841,2.265,92.84,192,0.5335,0.005312,0.6688,-0.05046,0.4688,0,0
75,0.02235,3.99,0,0.89,1.986,126.7,294,0.6256,0.004477,0.4188,-0.02596,0.2188,0.5,0.5
76,0.0171,0.6275,0.2043,0.9794,2.182,138.1,188,0.4521,0.00317,0.575,-0.1068,0.375,0.25,0.25
77,0.02006,13.34,3.103e-07,0.8772,1.63,111.9,167,0.4114,0.004273,0.7938,-0.06801,0.5938,0,0
78,0.02868,12.65,0,0.7891,2.053,111,272,0.4035,0.005204,0.5438,-0.1206,0.3438,0,0
79,0.0196,1.184,0.2653,0.9407,2.066,106,189,0.4974,0.004371,0.7625,-0.1603,0.5625,0,0
80,0.01818,1.693,0,0.888,1.544,78.44,183,0.407,0.007863,0.8188,-0.05124,0.625,0,0
81,0.01947,0.632,0,0.8547,1.659,90.03,145,0.4722,0.006021,0.95,-0.0247,0.75,0.25,0.25
82,0.01723,0.5501,0.2452,0.959,1.772,101.2,158,0.4159,0.005744,0.7313,-0.1083,0.5312,0.25,0.25
83,0.01607,0.6465,0.07404,1.011,1.973,96.91,142,0.3687,0.005592,0.825,-0.1553,0.625,0.25,0.25
84,0.0132,0.408,0.2877,1.047,1.809,89.03,212,0.3273,0.005264,0.9813,-0.1753,0.7812,0,0
85,0.01737,1.803,0,0.9137,2.62,97.69,178,0.418,0.006976,0.7313,0.1129,0.5312,0.25,0.25
86,0.02654,13.03,1.948e-07,0.8946,2.546,109.8,212,0.4819,0.006545,0.7625,-0.2524,0.5625,0.25,0.25
87,0.0177,0.6345,0,0.8736,2.072,90.34,192,0.3883,0.006971,0.7,-0.02036,0.5,0,0
88,0.02144,0.8461,0.171,0.8734,1.772,82.06,161,0.4253,0.009478,0.95,-0.05378,0.75,0.25,0.25
89,0.01602,0.7405,0,0.9128,1.592,95,182,0.3543,0.005993,0.85,-0.1744,0.6562,0,0
90,0.01678,1.269,0.1213,1.167,2.15,103.7,181,0.3905,0.00552,0.9188,0.06313,0.7188,0,0
91,0.02957,12.34,0,0.7077,2.099,111.1,260,0.3424,0.0085,0.725,0.04989,0.5312,0.25,0
92,0.01643,0.5374,0.3169,0.8948,1.812,89.31,139,0.291,0.009839,1.013,0.02397,0.8125,0.5,0.5
93,0.01889,1.964,0.1731,1.04,2.724,103.9,216,0.4024,0.006748,0.7,0.1219,0.5,0,0
94,0.01665,0.6191,0.3315,1.01,2.076,101.8,201,0.3826,0.008275,0.8875,-0.1172,0.6875,0,0
95,0.02238,0.8689,0,0.902,2.279,95,290,0.4666,0.01301,0.8875,0.05939,0.6875,0,0
96,0.02702,10.12,2.736e-09,0.9147,2.182,151.4,355,0.4471,0.008417,0.5438,-0.1013,0.3438,0.5,0.5
97,0.01943,0.6119,0.2142,0.9319,1.752,99.5,161,0.3642,0.008795,0.825,0.003618,0.625,0.5,0.5
98,0.01766,0.4834,0.3474,1.034,1.867,81.72,146,0.4049,0.009309,0.8563,-0.1384,0.6562,0,0
99,0.02422,1.39,0,0.8023,2.049,156,318,0.5353,0.007642,0.5125,-0.08776,0.3125,0.25,0.25
100,0.02823,9.024,6.159e-06,0.9359,2.854,123.9,246,0.5172,0.009514,0.6688,0.08182,0.4688,0,0
101,0.02213,1.485,0.06622,0.968,2.789,123.4,278,0.4245,0.01196,0.8188,-0.2926,0.625,0,0
102,0.02615,1.939,0,0.7743,2.365,123.8,237,0.5328,0.01122,0.5125,-0.01989,0.3125,0.25,0.25
103,0.0238,0.9234,0,0.8315,2.559,89.59,294,0.4549,0.01742,0.825,-0.123,0.625,0.25,0.25
104,0.03068,14.12,6.071e-12,0.8313,1.74,98.41,167,0.3964,0.01564,0.45,-0.09951,0.25,0.25,0.25
105,0.02226,0.8737,0.2627,0.8213,1.561,99.78,283,0.4459,0.01791,0.6688,-0.1014,0.4688,0,0
106,0.02036,0.8302,0,1.122,2.75,97.09,149,0.3688,0.01329,0.5438,-0.09418,0.3438,0.25,0.25
107,0.02295,0.9522,0,0.9279,2.167,117.4,212,0.4315,0.01516,0.6688,0.03381,0.4688,0.25,0.25
108,0.02166,1.072,0.2662,0.9478,1.864,82.31,383,0.3986,0.02633,1.013,0.1085,0.8125,0.5,0.5
109,0.02115,2.574,0,0.9522,2.831,125.7,217,0.4382,0.01139,0.7,-0.0638,0.5,0,0
110,0.02036,0.7219,0.2084,0.9916,2.725,94.28,192,0.3307,0.01498,0.9188,-0.08166,0.7188,0,0
111,0.02329,0.8678,0,0.9104,2.24,104.3,297,0.4575,0.01185,0.5125,-0.01479,0.3125,0.5,0.5
112,0.0268,0.901,0.1779,0.7756,2.047,110.2,231,0.5234,0.01634,0.7,-0.1595,0.5,0.25,0.25
113,0.0221,0.6363,0.317,1.017,2.058,103.2,207,0.4688,0.01432,0.45,0.06157,0.25,0.25,0.25
114,0.02578,0.7114,0.3631,1.057,2.211,95.19,191,0.5927,0.01616,0.95,-0.08862,0.75,0.25,0.25
115,0.02122,0.7366,0,0.8083,2.305,95.19,164,0.3277,0.01528,0.8563,-0.1533,0.6562,0.25,0.25
116,0.02109,1.781,0,0.9065,2.503,125,229,0.3477,0.01396,0.9188,0.05861,0.7188,0.25,0.25
117,0.01807,0.4716,0.2119,1.019,2.515,128,265,0.3514,0.008969,0.725,-0.07346,0.5312,0.5,0.5
118,0.02397,1.169,0,0.7835,2.236,103,234,0.4341,0.0196,0.8563,-0.1892,0.6562,0.25,0.25
119,0.03042,18.84,0,0.8769,2.589,159.3,368,0.4816,0.01203,0.5688,-0.03955,0.375,0.25,0.25
120,0.03091,5.197,0,1.068,2.461,100.3,266,0.4833,0.02248,0.5438,0.04157,0.3438,0,0
121,0.02157,0.6217,0.18,1.066,2.39,86.06,168,0.3027,0.01539,1.075,-0.1522,0.875,0.25,0.25
122,0.02396,0.8835,0.4361,1.09,2.203,84,146,0.3738,0.01626,0.9813,-0.1323,0.7812,0.25,0.25
123,0.02933,0.8366,0.1285,1.056,2.738,96.12,349,0.4803,0.02026,0.825,-0.09757,0.625,0.25,0.25
124,0.02431,1.078,0.06039,0.832,2.498,121,314,0.3306,0.01771,0.9813,-0.03583,0.7812,0.5,0.5
125,0.02694,2.612,0,1.065,2.575,78.78,166,0.4183,0.01747,0.7625,-0.163,0.5625,0.5,0.5
126,0.02621,0.9955,0,1.033,2.791,119.9,212,0.3811,0.02217,0.575,-0.06462,0.375,0,0
127,0.02462,0.6706,0.3286,1.089,2.703,88.72,168,0.4339,0.01878,0.9813,-0.07262,0.7812,0.5,0.5
128,0.02416,0.9266,0.1783,1.019,2.718,101.4,193,0.4042,0.01722,0.6375,0.1658,0.4375,0,0
129,0.02429,0.9652,0,0.9308,2.422,119.8,233,0.3709,0.01986,0.825,-0.1797,0.625,0.25,0.25
130,0.02892,11.43,8.946e-06,1.049,2.476,100.8,191,0.3743,0.02219,0.8563,-0.4084,0.6562,0,0
131,0.03128,3.036,0,0.6972,2.234,145.8,361,0.4665,0.02532,0.5125,-0.1361,0.3125,0.25,0.25
132,0.0244,0.7203,0,0.9036,2.166,97.22,182,0.3385,0.01857,0.8563,-0.03942,0.6562,0.5,0.5
133,0.03008,6.313,0,0.9088,2.649,125.4,191,0.425,0.02775,0.5125,-0.1944,0.3125,0.25,0.25
134,0.02443,0.9766,0.158,0.9381,2.688,91.94,139,0.3079,0.025,1.138,-0.02631,0.9375,0.5,0.5
135,0.02986,1.07,0,0.9553,2.806,78.41,158,0.3051,0.03652,0.8563,-0.1465,0.6562,0,0
136,0.02619,0.976,0.1249,0.8604,2.101,108.5,170,0.2615,0.02839,1.138,-0.04905,0.9375,0.75,0.75
137,0.02836,0.8736,0,0.9373,2.263,123.5,272,0.3969,0.02238,0.5438,-0.0247,0.3438,0.25,0.25
138,0.02949,3.709,0,0.8263,2.829,138.2,258,0.415,0.04206,0.6375,-0.107,0.4375,0.25,0.25
139,0.02969,1.237,0,0.9035,2.958,109.6,166,0.3262,0.03909,0.825,-0.04378,0.625,0,0
140,0.03133,12.26,0,0.9806,2.698,117.7,204,0.3258,0.0327,0.975,-0.2465,0.7812,0.25,0.25
141,0.03487,1.092,0,1.021,2.523,91.16,174,0.3852,0.04111,0.7313,-0.0555,0.5312,0.25,0.25
142,0.04425,9.071,0,0.664,2.268,98.62,156,0.2957,0.08055,0.7,-0.2097,0.5,0.25,0.25
143,0.02656,11,0,0.9075,2.787,119.5,205,0.2679,0.02045,0.95,-0.1476,0.75,0.25,0.25
144,0.03418,1.545,0.1359,0.8909,2.847,110.2,205,0.3254,0.04612,0.5438,-0.1219,0.3438,0,0
145,0.02735,1.104,0,0.8684,2.901,97.72,191,0.2773,0.02494,1.013,0.1081,0.8125,0.5,0.5
146,0.03192,1.083,0.05614,0.8057,2.986,116.5,265,0.3976,0.03468,0.7625,-0.02456,0.5625,0,0
147,0.03459,6.832,2.297e-06,0.9092,2.578,85.19,126,0.2731,0.04161,0.9188,-0.1246,0.7188,0.25,0.25
148,0.03738,3.788,0,0.7581,2.596,112.3,281,0.2863,0.0355,0.6688,-0.002262,0.4688,0.5,0.5
149,0.02267,1.402,0.1505,0.9163,2.574,85.59,233,0.2059,0.03993,1.138,-0.104,0.9375,0.75,0.75
150,0.05029,12.23,0,0.4601,1.892,157.9,328,0.4633,0.03514,0.5438,-0.07962,0.3438,0.5,0.5
151,0.03074,2.234,0,0.7796,2.215,93.28,151,0.2781,0.05346,1.044,-0.04607,0.8438,0.5,0.5
152,0.03005,0.9381,0.1743,0.9764,2.408,82.84,138,0.3027,0.03176,1.013,-0.0617,0.8125,0.25,0.25
153,0.03041,1.149,0,0.8921,2.002,109.3,276,0.2786,0.03972,0.9188,-0.005792,0.7188,0.25,0.25
154,0.02484,1.246,0.05298,0.8115,1.964,91.66,211,0.2267,0.03982,1.106,-0.1611,0.9062,0.5,0.5
155,0.03952,13.94,0,0.9738,2.784,94.22,226,0.2899,0.03899,0.95,0.02953,0.75,0.5,0.5
156,0.02837,1.895,0,0.7931,2.829,97.94,235,0.2322,0.05581,1.013,0.03597,0.8125,0.25,0.25
157,0.02456,1.273,0.1195,0.7427,2.719,90.44,186,0.2318,0.03542,1.044,-0.09085,0.8438,0.25,0.25
158,0.03001,1.193,0,0.9603,2.754,106.7,195,0.2898,0.02907,0.5125,-0.04348,0.3125,0,0
159,0.03878,5.947,0,0.6785,2.247,117,205,0.2604,0.06432,0.9813,-0.008635,0.7812,0.25,0.25
160,0.02386,1.563,0,0.835,1.957,141,235,0.2326,0.04767,0.8563,-0.06914,0.6562,0.75,0.75
161,0.03373,1.207,0,0.8151,2.328,115.8,193,0.36,0.04097,0.6375,0.1373,0.4375,0.5,0.5
162,0.02689,1.499,0,0.9814,2.745,99.44,185,0.2299,0.04517,1.138,-0.01428,0.9375,0.75,0.75
163,0.03475,4.378,0,0.7305,2.351,111.9,265,0.2865,0.04945,0.7625,-0.1062,0.5625,0.5,0.5
164,0.03002,1.497,0.1684,0.8354,2.612,80.97,137,0.2092,0.05713,1.138,-0.08398,0.9375,0.75,0.75
165,0.04431,11.4,2.809e-07,0.5899,2.16,115.2,231,0.3139,0.09395,0.7938,-0.03502,0.5938,0,0
166,0.03135,1.622,0,0.8462,2.81,106.8,161,0.264,0.0589,0.95,0.06636,0.75,0.25,0.25
167,0.0397,8.293,3.902e-07,0.6416,2.104,113.6,229,0.3067,0.05683,0.825,-0.1012,0.625,0.5,0.5
168,0.0307,6.493,0,0.725,2.273,136.6,397,0.2974,0.04339,0.7,0.08917,0.5,0,0
169,0.0354,1.887,0,0.8502,2.099,100.1,171,0.3098,0.05351,0.7625,-0.02566,0.5625,0.75,0.75
170,0.03889,1.61,0,0.8527,2.912,91.34,177,0.3858,0.08041,0.95,-0.1818,0.75,0.25,0.25
171,0.04119,7.318,0,0.7126,2.869,116.8,202,0.3372,0.06187,0.6688,-0.1895,0.4688,0.25,0.25
172,0.03764,9.341,0,0.6603,2.845,113,217,0.3211,0.07024,0.6688,0.00278,0.4688,0.25,0.25
173,0.0329,1.744,0,0.8186,2.934,95.59,188,0.2517,0.05883,0.9188,-0.0756,0.7188,0,0
174,0.02647,1.148,0,1.164,2.685,121.1,700,0.3016,0.02982,0.975,-0.0201,0.7812,0.5,0.5
175,0.04079,1.394,0,0.6599,2.55,91.44,241,0.4094,0.08922,0.9188,-0.1194,0.7188,0,0
176,0.04992,14.47,5.432e-16,0.7472,1.876,95.19,202,0.2787,0.04472,0.7313,0.1241,0.5312,0.5,0.5
177,0.03922,1.839,0,0.5886,2.18,83.16,186,0.2659,0.189,1.138,-0.04084,0.9375,0.5,0.5
178,0.03109,1.066,0,0.7612,1.911,129.7,287,0.3709,0.03734,0.6375,0.002629,0.4375,0.25,0.25
179,0.03192,4.048,0.05299,0.7484,2.226,118.7,227,0.2515,0.05352,1.013,-0.08559,0.8125,0.25,0.25
180,0.03203,1.48,0.06269,0.8154,2.782,74.38,120,0.2453,0.06666,1.075,-0.07591,0.875,0.25,0.25
181,0.03442,4.778,0,0.6332,1.613,127.4,264,0.3303,0.0406,0.3563,-0.1051,0.1562,0.25,0.25
182,0.03452,1.049,0,0.6948,2.674,97.22,226,0.4314,0.04016,0.7313,0.04176,0.5312,0.75,0.75
183,0.03216,1.68,0,0.9596,2.577,79.78,153,0.2711,0.06293,1.013,0.2855,0.8125,0.25,0.25
184,0.02594,0.9488,0,1.132,2.728,148,324,0.3313,0.02732,0.7313,0.1727,0.5312,0.25,0.25
185,0.03055,1.054,0.1097,0.8547,2.393,131.5,209,0.3792,0.03537,0.7,-0.1345,0.5,0.5,0.5
186,0.03224,14.27,1.215e-06,0.8525,2.513,103.2,183,0.2533,0.05151,0.9813,0.02314,0.7812,0.25,0.25
187,0.03014,1.171,0,0.7405,2.227,84.94,152,0.2971,0.04924,1.075,-0.1268,0.875,0.25,0.25
188,0.03042,1.059,0,0.7304,2.539,87.44,177,0.2984,0.03768,1.044,0.0219,0.8438,0.5,0.5
189,0.0334,9.718,0,0.7478,1.707,118.3,169,0.2984,0.04272,0.6375,-0.1504,0.4375,0.25,0.25
190,0.03237,0.9761,0.01444,0.7957,2.935,111.3,259,0.4126,0.03812,0.8563,-0.04319,0.6562,0.5,0.5
191,0.02473,1.009,0,0.7852,2.486,111.7,167,0.2311,0.02755,0.95,-0.155,0.75,0.25,0.25
192,0.0291,1.63,0,0.7587,2.785,127.5,234,0.3609,0.03127,0.8563,-0.01649,0.6562,0,0
193,0.03381,0.9442,0.06677,0.6834,2.743,106.5,163,0.3763,0.04047,0.8563,-0.02619,0.6562,0.5,0.5
194,0.02271,1.865,0,1.014,2.605,102.9,217,0.2273,0.08025,1.106,-0.05328,0.9062,0.5,0.5
195,0.02992,12.5,5.45e-08,0.7595,2.432,112.9,225,0.2236,0.04901,0.725,-0.1677,0.5312,0,0
196,0.03408,15.35,0,0.7385,2.566,105.3,174,0.2707,0.05183,1.044,0.06589,0.8438,0.25,0.25
197,0.02778,0.9943,0.07142,0.6647,1.626,87.62,179,0.2637,0.04031,1.044,-0.1128,0.8438,0.25,0.25
198,0.04575,10.31,0,0.6803,2.258,115.7,252,0.3306,0.03807,0.6063,0.02891,0.4062,0.5,0.5
199,0.02745,1.745,0,0.8166,2.672,100.6,200,0.2696,0.06207,1.013,0.02482,0.8125,0.5,0.5
200,0.0279,1.462,0,0.7071,1.953,122.4,330,0.281,0.03209,0.7,0.0996,0.5,0,0
201,0.03362,0.8724,0.1226,0.8631,2.016,77.12,132,0.3514,0.0381,0.8875,-0.2223,0.6875,0.25,0.25
202,0.03373,8.663,0,0.6371,1.984,117.3,205,0.2716,0.0489,0.8875,-0.2308,0.6875,0.25,0.25
203,0.03261,1.251,0,0.8613,2.238,121.4,226,0.41,0.03648,0.7625,-0.02215,0.5625,0.25,0.25
204,0.02924,1.748,0,0.8093,2.332,116.2,245,0.4111,0.04803,0.8563,-0.1126,0.6562,0.5,0.5
205,0.02813,1.093,0,0.8551,2.904,109.5,207,0.3061,0.03776,0.7938,-0.1073,0.5938,0.25,0.25
206,0.02784,0.8105,0,0.9137,2.512,103.3,194,0.329,0.031,0.8563,-0.08344,0.6562,0.25,0.25
207,0.02605,0.8324,0,0.9746,2.573,83.12,217,0.2488,0.02781,0.95,-0.08202,0.75,0.5,0.5
208,0.03343,1.617,0,0.7701,2.8,90.41,124,0.2548,0.0503,1.106,0.01338,0.9062,0.75,0.75
209,0.03617,1.241,0.06041,0.8199,2.764,85.38,157,0.4084,0.05949,0.8563,-0.1115,0.6562,0,0
210,0.02864,7.305,0.001809,0.7571,2.133,129.5,257,0.2266,0.05372,0.8563,-0.07237,0.6562,0.25,0.25
211,0.03296,1.647,0.1088,0.8987,2.512,112.3,189,0.2854,0.0689,0.825,-0.08503,0.625,0.25,0.25
212,0.03496,10.73,0,0.8163,2.704,99.97,175,0.2929,0.05782,1.013,-0.02462,0.8125,0.25,0.25
213,0.02617,1.024,0.0269,1.047,2.425,95.06,208,0.2355,0.03571,1.006,0.09529,0.8125,0.5,0.5
214,0.02967,3.825,0,0.6637,2.048,143.7,353,0.3381,0.04283,0.3875,0.07291,0.1875,0.5,0.5
215,0.03074,1.355,0,0.8444,2.428,118.1,199,0.3008,0.05232,0.9813,-0.1874,0.7812,0,0
216,0.02598,1.065,0.02588,0.6855,2.753,114.9,255,0.2153,0.04565,0.8875,0.04142,0.6875,0,0
217,0.04749,12.05,0,0.5774,2.468,101.3,186,0.3094,0.09343,0.6063,-0.02994,0.4062,0,0
218,0.02694,1.838,0,0.9469,2.869,98.06,200,0.1909,0.03732,1.138,0.0705,0.9375,0.75,0.75
219,0.03727,2.928,0,0.6282,2.161,118.8,221,0.2929,0.08411,0.7625,-0.09552,0.5625,0.25,0.25
220,0.03602,5.494,0,0.6586,2.865,119.6,230,0.3389,0.05297,0.725,-0.3361,0.5312,0.25,0.25
221,0.03544,1.446,0.04657,0.8511,2.954,97.41,195,0.3206,0.05943,0.6688,-0.108,0.4688,0,0
222,0.03837,9.01,9.269e-07,0.9636,2.95,85.97,154,0.2965,0.07725,0.9813,-0.001307,0.7812,0,0
223,0.02873,1.177,0,0.886,2.965,95.41,194,0.266,0.05648,0.7938,-0.2485,0.5938,0.25,0.25
224,0.02965,1.282,0,0.8212,2.532,96.56,172,0.2927,0.05781,0.8563,-0.03611,0.6562,0.5,0.5
225,0.03395,1.879,0,0.5596,1.885,129.1,252,0.3728,0.05591,0.6375,0.04373,0.4375,0.5,0.5
226,0.04322,12.11,0,0.6526,2.919,127.4,286,0.327,0.05295,0.7875,-0.2605,0.5938,0.25,0
227,0.02845,1.708,0,0.9298,2.467,97.31,314,0.2804,0.08782,0.9813,0.1017,0.7812,0.5,0.5
228,0.03425,2.859,0,0.579,1.787,88.09,184,0.2472,0.09538,0.825,-0.005087,0.625,0.5,0.5
229,0.03169,1.984,0,0.815,2.98,119.1,204,0.2895,0.06463,0.7313,-0.002197,0.5312,0.25,0.25
230,0.03405,2.124,0,0.8578,2.748,106.4,185,0.3213,0.141,0.8563,-0.2105,0.6562,0.25,0.25
231,0.03592,2.178,0,0.7001,2.362,102.5,176,0.3514,0.06978,0.7625,-0.1562,0.5625,0.25,0.25
232,0.03206,0.9497,0,0.7704,2.855,101.2,166,0.3178,0.03628,0.9813,-0.1511,0.7812,0.25,0.25
233,0.02772,1.385,0.08467,0.9001,2.573,84.19,173,0.2313,0.0459,1.106,-0.07081,0.9062,0.5,0.5
234,0.03519,15.97,0,0.8057,2.907,103,168,0.3104,0.05513,0.9188,-0.04908,0.7188,0.25,0.25
235,0.04121,13.52,1.485e-07,0.9943,2.988,94.5,181,0.2819,0.05507,0.9188,-0.02944,0.7188,0.25,0.25
236,0.03438,1.54,0,0.6669,2.546,115.6,445,0.3636,0.08241,0.8563,-0.04762,0.6562,0.75,0.75
237,0.03569,1.323,0,0.672,1.948,96.72,237,0.2953,0.06149,0.9813,-0.09534,0.7812,0.25,0.25
238,0.03874,4.584,0,0.8714,2.891,88.78,148,0.3642,3.776,0.9188,0.2949,0.7188,0,0
239,0.0331,1.527,0,0.6213,2.441,99.41,235,0.3099,0.07746,0.7875,0.13,0.5938,0.25,0.25
240,0.03343,3.206,0,0.6558,1.854,136.2,277,0.3854,0.0771,0.6938,-0.1977,0.5,0.25,0.25
241,0.03157,1.38,0,0.8744,2.359,128.3,215,0.334,0.05886,0.7,-0.05533,0.5,0,0
242,0.03987,3.903,0,0.6212,1.81,102.8,246,0.3365,0.06617,0.825,-0.06989,0.625,0.25,0.25
243,0.03627,4.191,0.01419,0.7523,2.843,90.59,203,0.2424,0.09862,0.95,-0.01686,0.75,0.5,0.5
244,0.02846,1.527,0,0.9407,2.351,94.41,191,0.1994,0.04414,0.9813,-0.03974,0.7812,0,0
245,0.03394,2.848,0,0.7351,2.487,128.1,259,0.3059,0.07736,0.7938,-0.2694,0.5938,0,0
246,0.04159,3.181,0.03738,0.7354,2.389,85.31,215,0.301,0.1211,0.825,-0.1954,0.625,0.25,0.25
247,0.03691,10.05,0,0.6435,2.622,119.3,254,0.2946,0.05942,0.8125,-0.1297,0.625,0.25,0.25
248,0.0316,1.977,0,0.8977,2.496,97.62,287,0.3179,0.08784,0.9188,0.09559,0.7188,0.75,0.75
249,0.02682,15.19,5.164e-09,0.7464,2.038,110.3,161,0.1437,0.07435,1.106,-0.05426,0.9062,0.5,0.5
250,0.03601,1.411,0.08133,0.859,2.476,86.12,178,0.3743,0.04851,0.9125,0.06525,0.7188,0.5,0.5
251,0.03089,9.144,0,0.7388,2.109,92.25,172,0.1952,0.05812,1.006,-0.1045,0.8125,0,0
252,0.03304,1.527,0,0.9706,2.963,100.7,276,0.3103,0.05587,0.8875,-0.2489,0.6875,0,0
253,0.03492,1.866,0,0.8578,2.62,141.4,242,0.3463,0.06963,0.7313,-0.08008,0.5312,0.25,0.25
254,0.03287,1.399,0,0.8314,2.08,99.78,187,0.2652,0.1177,0.8875,-0.1046,0.6875,0.5,0.5
255,0.04349,13.34,0,0.6089,1.807,128.7,186,0.2941,0.08373,0.4813,-0.009834,0.2812,0,0
256,0.03705,1.226,0.0188,0.8272,2.454,114,202,0.3223,0.05167,0.6375,-0.05979,0.4375,0,0
257,0.0364,1.801,0,0.852,2.858,84.62,127,0.2411,0.1336,0.8813,0.05063,0.6875,0.75,0.75
258,0.03439,1.294,0,0.7045,2.529,106.7,397,0.2776,0.06156,0.8563,-0.139,0.6562,0.25,0.25
259,0.02912,1.197,0,0.8912,2.07,85.78,139,0.2218,0.05956,1.075,0.04959,0.875,0.5,0.5
260,0.03423,1.502,0.06144,0.8088,2.514,108.9,387,0.3162,0.07809,0.9813,0.06955,0.7812,0.25,0.25
261,0.03976,2.079,0,0.8004,2.624,98.91,165,0.3627,0.06337,0.8563,0.002631,0.6562,0.25,0.25
262,0.03041,2.489,0,0.6961,2.989,103.9,153,0.2006,0.1411,0.7938,-0.166,0.5938,0,0
263,0.04064,1.35,0,0.5991,1.624,89.75,145,0.2883,0.07408,0.7625,-0.02963,0.5625,0,0
264,0.02809,0.9481,0,0.9792,2.839,88.47,179,0.2088,0.03746,1.044,-0.09368,0.8438,0.25,0.25
265,0.03528,1.112,0.07241,0.7611,2.236,82.59,149,0.2384,0.07576,1.044,-0.09024,0.8438,0.25,0.25
266,0.03458,1.967,0,0.6003,2,98.59,240,0.3071,0.08971,0.9188,0.1356,0.7188,0.75,0.75
267,0.0352,1.366,0,0.75,2.59,95.62,246,0.2515,0.06056,0.9188,0.1504,0.7188,0.25,0.25
268,0.03847,1.688,0,0.853,2.943,93.44,184,0.3205,0.06171,0.95,-0.05491,0.75,0,0
269,0.02974,0.9951,0.02305,1.003,2.58,99.75,181,0.288,0.03658,0.825,0.009754,0.625,0.25,0.25
270,0.03344,1.124,0,0.798,1.693,86.09,115,0.2981,0.05612,1.038,-0.00192,0.8438,0.5,0.5
271,0.0394,14.25,0,0.71,2.22,108.7,216,0.2456,0.05452,0.825,0.05856,0.625,0,0
272,0.02889,1.254,0.1306,0.9357,2.678,73.03,101,0.2163,0.04329,1.044,0.001342,0.8438,0.25,0.25
273,0.02284,1.267,0,0.7936,1.969,142.2,700,0.2366,0.03148,1.031,-0.05628,0.8438,0.5,0.5
274,0.02117,1.224,0.107,1.025,2.598,157.7,382,0.2167,0.02653,0.825,0.009757,0.625,0.5,0.5
275,0.03413,9.728,0,0.8575,2.014,107.4,230,0.3212,0.03341,0.7625,-0.05271,0.5625,0.5,0.5
276,0.03572,0.9026,0.1065,1.003,2.494,106.3,174,0.3829,0.04348,0.7625,-0.1384,0.5625,0.25,0.25
277,0.02799,1.273,0,1.15,2.989,112.3,175,0.2912,0.03566,0.95,0.06689,0.75,0,0
278,0.04314,10.63,0,0.5961,2.847,88.31,171,0.3529,0.04493,0.8875,-0.1983,0.6875,0,0
279,0.04605,11.26,0,0.6105,2.323,102.8,163,0.3578,0.04878,0.8563,-0.1948,0.6562,0.5,0.5
280,0.04064,10.72,0,0.6205,2.15,99.69,184,0.307,0.08178,0.6375,-0.03422,0.4375,0.25,0.25
281,0.02853,8.199,0.001157,0.7326,2.684,133.2,238,0.2621,0.0419,0.7313,-0.0995,0.5312,0,0
282,0.03481,6.705,0,0.7405,2.258,139.6,254,0.4199,0.03591,0.7938,-0.1962,0.5938,0,0
283,0.03353,13.37,0,0.7398,2.623,109.3,254,0.3531,0.04068,0.95,-0.09788,0.75,0.25,0.25
284,0.03202,1.103,0,0.8865,2.294,90.06,135,0.3362,0.05146,0.9188,0.1655,0.7188,0.25,0.25
285,0.0282,1.269,0,0.6319,2.49,107.9,197,0.2601,0.0438,0.7625,-0.05991,0.5625,0.25,0.25
286,0.03179,1.211,0,0.8954,2.35,98.81,252,0.4216,0.03674,0.825,-0.0414,0.625,0.5,0.5
287,0.03112,1.67,0,0.8303,2.358,113,236,0.3575,0.05537,0.7625,0.08794,0.5625,0,0
288,0.02565,1.105,0,0.8326,2.762,106.7,155,0.2447,0.03718,0.8875,-0.06485,0.6875,0,0
289,0.0252,3.447,0.05445,0.9406,2.439,113.4,179,0.2347,0.03464,0.8563,0.1066,0.6562,0.5,0.5
290,0.04475,11.96,0,0.8518,2.877,115.7,211,0.434,0.07438,0.7625,-0.06079,0.5625,0.5,0.5
291,0.03186,12.23,0,0.7707,2.389,127.5,206,0.2794,0.02985,0.825,-0.2208,0.625,0,0
292,0.02831,11.15,0,1.035,2.228,121,203,0.3509,0.0247,0.45,-0.2005,0.25,0,0
293,0.03545,12.87,8.458e-08,0.9198,2.3,118.3,235,0.3902,0.03845,0.6688,-0.006149,0.4688,0.5,0.5
294,0.02255,0.7291,0.3178,1.017,2.903,157.3,659,0.3056,0.02257,0.7,-0.02892,0.5,0.5,0.5
295,0.02186,0.9057,0,0.9968,2.822,130,251,0.2874,0.0234,0.8875,-0.3641,0.6875,0.25,0.25
296,0.03053,10.17,5.379e-05,0.8638,2.96,115.3,303,0.3314,0.03632,0.9188,0.1671,0.7188,0,0
297,0.02663,1.083,0.01031,0.8575,2.694,90.97,186,0.2785,0.03549,0.9813,0.06437,0.7812,0.5,0.5
298,0.02647,1.355,0.1191,0.9691,2.259,87.38,153,0.2989,0.04436,1.013,-0.2245,0.8125,0.5,0.5
299,0.03925,15.06,0,0.8989,2.74,94.47,154,0.2279,0.05232,0.825,-0.1654,0.625,0.5,0.5
300,0.02653,1.122,0,0.9898,2.86,128.8,264,0.302,0.04202,0.7938,-0.3333,0.5938,0,0
301,0.02642,2.832,0.04996,0.8138,2.151,130.9,211,0.2401,0.03269,0.825,-0.1933,0.625,0,0
302,0.02688,1.125,0.17,0.9133,1.495,69.38,200,0.3153,0.04358,1.013,-0.01056,0.8125,0.5,0.5
303,0.02738,1.707,0,0.7479,2.01,97.72,212,0.263,0.09173,1.013,-0.1331,0.8125,0,0
304,0.0291,1.245,0,0.8971,2.006,81.19,132,0.259,0.06871,1.075,-0.0629,0.875,0.5,0.5
305,0.03322,6.829,0.000505,0.8117,2.259,111.4,171,0.3591,0.03885,0.95,-0.00789,0.75,0.5,0.5
306,0.03291,16.65,0,0.8816,2.99,120.3,230,0.2091,0.04404,0.95,-0.1965,0.75,0.25,0.25
307,0.0447,20.28,0,0.8511,2.418,80.62,191,0.3479,0.08748,0.825,-0.1129,0.625,0.5,0.5
308,0.03423,1.494,0.1547,0.9429,2.679,86.22,135,0.267,0.0707,0.9813,-0.2298,0.7812,0,0
309,0.03131,1.455,0,0.7992,2.901,97.44,196,0.316,0.05483,0.9813,-0.1597,0.7812,0.25,0.25
310,0.02519,1.235,0.1138,0.9237,2.13,84.41,130,0.1753,0.05567,1.169,-0.005599,0.9688,0.75,0.75
311,0.03379,19.69,0,1.041,2.871,98.66,170,0.3046,0.07632,0.7313,-0.2403,0.5312,0.25,0.25
312,0.03608,1.485,0.03768,0.69,2.676,121.2,216,0.4071,0.0617,0.7625,-0.1268,0.5625,0,0
313,0.02392,0.9488,0.2759,1.086,2.952,93.06,218,0.2505,0.03041,0.825,-0.03712,0.625,0.5,0.5
314,0.03933,11.81,1.83e-11,0.7848,2.127,97.22,156,0.2782,0.08304,0.8875,-0.1038,0.6875,0,0
315,0.02852,2.237,0.1276,0.8524,2.955,79.09,116,0.2181,0.1913,1.106,0.007821,0.9062,0.25,0.25
316,0.04049,0.9885,0,0.7956,2.799,98.81,219,0.3039,0.06749,0.8563,0.1405,0.6562,0,0
317,0.04407,13.11,0,0.5565,1.599,118.6,213,0.3056,0.07503,0.8563,-0.1218,0.6562,0.25,0.25
318,0.03873,10.98,0,0.6428,1.797,102,191,0.2784,0.05469,0.8563,-0.05408,0.6562,0.25,0.25
319,0.03382,2.123,0,0.7759,2.779,114.9,700,0.295,0.1645,0.8813,0.08927,0.6875,0.5,0.5
320,0.0324,1.467,0.1132,1.027,2.99,112.1,181,0.2806,0.07914,0.95,-0.1295,0.75,0.25,0.25
321,0.02943,1.237,0,0.7169,2.678,86.34,141,0.2213,0.06622,1.075,-0.06713,0.875,0.5,0.5
322,0.03491,4.862,0,0.998,2.944,90.97,115,0.2863,0.07262,1.106,0.01152,0.9062,0.75,0.75
323,0.02534,1.088,0,0.8069,2.893,118.4,182,0.2118,0.05544,0.95,-0.1455,0.75,0.25,0.25
324,0.02473,1.637,0.1249,0.9654,2.465,106.2,169,0.2277,0.0807,1.075,-0.1134,0.875,0.25,0.25
325,0.04852,12.94,9.99e-07,0.9619,2.968,101.2,173,0.2933,0.1073,0.9188,-0.3672,0.7188,0.5,0.5
326,0.03979,4.367,0,0.7488,2.929,135.9,273,0.4155,0.04549,0.5438,-0.06315,0.3438,0.25,0.25
327,0.03365,1.083,0,0.7305,2.439,76.41,170,0.2691,0.06563,0.6688,-0.07932,0.4688,0.25,0.25
328,0.02127,1.394,0.112,1.016,2.834,98.59,216,0.1631,0.04896,1.013,-0.07767,0.8125,0.5,0.5
329,0.03014,1.252,0.06209,0.7745,2.298,82.78,175,0.2165,0.08945,1.013,-0.08891,0.8125,0.5,0.5
330,0.03108,1.513,0.05577,0.8341,2.939,103,222,0.1951,0.05865,0.8875,-0.2588,0.6875,0.25,0.25
331,0.02795,1.249,0.05316,1.011,2.822,92.44,149,0.1916,0.06284,1.138,-0.1972,0.9375,0.5,0.5
332,0.03678,9.672,0,0.8047,2.405,118.1,180,0.296,0.06289,0.8875,-0.09862,0.6875,0.25,0.25
333,0.03797,14.44,0,0.8896,2.345,143.5,330,0.3206,0.05483,0.6375,0.1067,0.4375,0,0
334,0.03052,1.493,0,0.8855,1.796,77.38,148,0.2014,0.07212,1.169,-0.1043,0.9688,0.75,0.75
335,0.02507,1.167,0.1909,0.981,2.553,122.2,288,0.2396,0.05622,0.8563,-0.1065,0.6562,0.25,0.25
336,0.02649,2.479,0.08553,0.9236,2.922,103.8,167,0.186,0.04428,1.169,-0.01469,0.9688,0.75,0.75
337,0.0341,1.065,0,0.662,1.872,95.09,174,0.2255,0.06381,1.075,-0.1013,0.875,0.75,0.75
338,0.03708,5.532,0,0.8642,2.877,119.4,265,0.3843,0.03732,0.7313,-0.1484,0.5312,0.25,0.25
339,0.02256,1.391,0.08426,0.9602,2.617,101.5,161,0.2116,0.04859,1.106,-0.09045,0.9062,0.25,0.25
340,0.05598,17.22,0,0.571,2.387,128.1,272,0.3043,0.09608,0.2938,-0.1398,0.09375,0.25,0.25
341,0.02411,1.143,0.03835,0.9492,2.363,111.6,196,0.1921,0.05243,1.169,0.09679,0.9688,0.75,0.75
342,0.02949,1.625,0,0.9476,2.864,94.88,142,0.2285,0.2089,1.013,-0.08337,0.8125,0,0
343,0.03564,13.62,0,0.7836,2.64,127.6,198,0.3075,0.05937,0.575,-0.155,0.375,0,0
344,0.03239,6.939,0.0005893,0.9231,2.981,103.2,161,0.2215,0.05483,0.9188,-0.2787,0.7188,0.25,0.25
345,0.02654,1.124,0.1083,1.035,2.777,110.7,263,0.2566,0.04978,0.8563,-0.07867,0.6562,0.25,0.25
346,0.03067,2.396,0,0.7222,2.994,99.06,217,0.2762,0.04195,1.044,0.01961,0.8438,0.25,0.25
347,0.02927,1.963,0,0.8422,2.644,105.1,189,0.283,0.05619,0.7625,-0.008979,0.5625,0,0
348,0.02716,1.245,0,0.8401,2.894,103.2,210,0.231,0.05418,1.106,-0.1065,0.9062,0.75,0.75
349,0.03064,10.87,0,0.7309,1.813,103.3,143,0.239,0.05405,1.075,-0.1864,0.875,0.25,0.25
350,0.03473,2.203,0.06589,0.7997,2.585,90.06,181,0.2287,0.1417,0.825,-0.02407,0.625,0.25,0.25
351,0.022,1.37,0,0.8824,2.184,150.9,406,0.2212,0.04906,0.9813,-0.1843,0.7812,0,0
352,0.02799,1.182,0,1.066,2.798,93.25,146,0.2338,0.0488,1.044,0.06718,0.8438,0.5,0.5
353,0.03512,1.56,0,0.751,2.592,96.44,199,0.3157,0.0705,0.9813,-0.179,0.7812,0,0
354,0.02271,1.749,0.1455,0.9226,2.853,122.1,201,0.207,0.04168,0.8563,-0.01786,0.6562,0.25,0.25
355,0.02773,1.52,0,0.6816,2.179,105.1,187,0.2156,0.07739,0.95,0.1371,0.75,0.25,0.25
356,0.03391,1.605,0,0.6914,2.478,130.9,329,0.3216,0.05554,0.8875,-0.008783,0.6875,0.25,0.25
357,0.02871,1.619,0,0.6853,2.243,121.1,192,0.2951,0.07572,1.013,0.01852,0.8125,0.25,0.25
358,0.02635,1.078,0,0.6983,1.996,128.5,240,0.2627,0.04542,1.013,0.01148,0.8125,0.5,0.5
359,0.03461,0.9283,0.1107,0.9443,2.607,96.62,189,0.3773,0.05317,0.825,-0.09643,0.625,0,0
360,0.02773,1.103,0,0.9483,2.358,103.9,157,0.2927,0.04172,0.9813,-0.1227,0.7812,0.25,0.25
361,0.0261,1.468,0.07728,0.8826,2.303,124.8,226,0.2707,0.0467,0.825,-0.1384,0.625,0.25,0.25
362,0.02951,1.594,0.0772,0.9611,2.77,90.75,146,0.2719,0.0758,1.069,-0.0009052,0.875,0.25,0.25
363,0.03169,0.83,0.2371,1.086,2.714,76,134,0.2717,0.05071,0.8875,-0.1236,0.6875,0.75,0.75
364,0.02651,1.309,0,0.731,2.561,109.7,217,0.2288,0.05423,0.8563,-0.08703,0.6562,0.25,0.25
365,0.03261,1.621,0,0.6444,1.885,94.53,187,0.2336,0.1039,1.013,0.01791,0.8125,0.5,0.5
366,0.02889,13.65,0,0.7976,2.622,171.3,603,0.3769,0.02932,0.5125,0.02961,0.3125,0.5,0.5
367,0.02751,1.125,0,0.8719,2.801,92.59,141,0.2653,0.06156,1.075,0.07456,0.875,0.5,0.5
368,0.03504,1.538,0.03316,0.7789,2.665,131.2,213,0.4342,0.05878,0.6688,0.04162,0.4688,0.25,0.25
369,0.03459,10.63,2.952e-06,0.7242,1.96,133.2,221,0.4045,0.03911,0.7,-0.0069,0.5,0.25,0.25
370,0.02286,1.327,0,0.8558,2.944,109.9,294,0.2437,0.04424,0.9188,-0.3976,0.7188,0.25,0.25
371,0.02822,1.816,0,1.024,2.683,79.12,133,0.2743,0.0499,1.138,-0.07349,0.9375,0.5,0.5
372,0.03344,1.356,0,0.7512,1.786,102.1,175,0.3207,0.06489,0.6375,0.08012,0.4375,0,0
373,0.03486,11.99,0,0.7103,2.641,105.9,335,0.3113,0.05543,0.825,-0.04394,0.625,0.75,0.75
374,0.02583,1.334,0,0.9402,2.643,135.4,294,0.2437,0.05937,1.044,-0.03194,0.8438,0.25,0.25
375,0.03834,13.29,4.052e-09,0.868,2.539,104.7,232,0.3322,0.0568,0.9188,-0.05308,0.7188,0,0
376,0.03548,12.77,1.322e-06,0.9723,2.286,81.28,164,0.3211,0.06558,1.044,-0.117,0.8438,0.5,0.5
377,0.03977,11.85,0,0.8342,2.972,93.66,166,0.2708,0.05875,0.7313,-0.1029,0.5312,0.25,0.25
378,0.03425,11.65,2.637e-08,0.7026,2.009,107.9,194,0.2621,0.06079,0.8438,-0.2191,0.6562,0.75,0.5
379,0.03092,1.581,0.02387,0.8317,2.177,107.9,137,0.3371,0.0399,0.4813,-0.09053,0.2812,0,0
380,0.03177,3.02,0,0.79,2.64,134,700,0.3114,0.1084,0.9438,-0.1247,0.75,0,0
381,0.03451,0.9812,0,0.735,2.207,109.2,216,0.314,0.08032,0.7625,-0.03529,0.5625,0.75,0.75
382,0.0415,16.72,0,0.7348,2.01,102.3,181,0.4299,0.07796,0.4813,0.04873,0.2812,0.5,0.5
383,0.03247,10.14,0,0.7446,2.125,110.2,240,0.3128,0.04169,1.044,-0.1782,0.8438,0.5,0.5
384,0.03481,0.9899,0.09867,0.8713,2.72,84.12,144,0.3016,0.0803,0.9813,-0.02027,0.7812,0.5,0.5
385,0.02297,1.597,0,0.9091,2.178,115,194,0.224,0.02854,1.038,-0.04878,0.8438,0.5,0.5
386,0.02227,0.855,0.2688,1.006,2.53,90.09,125,0.2477,0.02934,1.169,-0.0256,0.9688,0.75,0.75
387,0.02751,7.174,0.0008513,1.026,2.937,90.12,248,0.2639,0.04407,1.013,-0.07559,0.8125,0.5,0.5
388,0.02897,0.9539,0,0.9124,2.046,80.69,143,0.2802,0.04306,1.138,-0.07945,0.9375,0.5,0.5
389,0.02541,2.462,0,0.8605,2.277,98.16,144,0.232,0.04881,0.9813,-0.04586,0.7812,0.25,0.25
390,0.02894,1.671,0,0.8706,2.851,118.2,225,0.3197,0.0395,0.8875,0.0008151,0.6875,0.25,0.25
391,0.02521,0.9846,0.1167,1.008,2.72,96.72,167,0.26,0.04469,1.013,-0.02976,0.8125,0.75,0.75
392,0.03151,1.941,0,0.8037,2.67,115.1,233,0.2944,0.04674,0.825,0.1017,0.625,0.5,0.5
393,0.03135,1.891,0,0.7806,2.16,93.88,167,0.3124,0.05517,0.8563,-0.1075,0.6562,0.5,0.5
394,0.03693,1.533,0,0.8022,2.129,121.5,202,0.4239,0.05547,0.6063,0.00693,0.4062,0.5,0.5
395,0.03152,1.133,0,0.7218,2.563,100.3,163,0.3196,0.05277,0.7,-0.05872,0.5,0,0
396,0.02977,0.9469,0.05843,0.8216,2.846,107.8,208,0.306,0.05085,0.95,0.006788,0.75,0,0
397,0.03067,2.367,0,0.8373,2.897,73.88,140,0.2363,0.06759,1.2,0.001357,1,1,1
398,0.02988,1.749,0,0.8873,2.039,82.94,159,0.252,0.2089,1.106,0.08304,0.9062,0.25,0.25
399,0.02966,3.06,0.002076,0.9104,2.539,105.7,177,0.2481,0.05376,0.8563,-0.01755,0.6562,0.25,0.25
400,0.03375,11.59,0,0.7848,2.986,103.6,161,0.2627,0.07251,0.9188,-0.1322,0.7188,0.25,0.25
401,0.02605,1.349,0,1.03,2.523,133.7,219,0.263,0.05062,1.044,-0.1408,0.8438,0.25,0.25
402,0.02971,1.113,0.04669,0.8458,1.958,99.84,234,0.2894,0.04617,0.9188,0.07837,0.7188,0.5,0.5
403,0.03446,1.183,0.1173,0.8213,2.999,96.31,144,0.3752,0.06886,0.6688,-0.1111,0.4688,0.25,0.25
404,0.02695,0.7327,0.1581,0.9034,2.722,85.97,156,0.2523,0.03624,1.106,-0.02056,0.9062,0.5,0.5
405,0.0336,2.853,0,0.6994,2.297,113.3,224,0.4411,0.04678,0.5125,-0.0501,0.3125,0.25,0.25
406,0.02817,1.352,0.2721,1.157,2.61,71.31,137,0.2438,0.05815,0.8563,-0.06694,0.6562,0.5,0.5
407,0.03809,7.769,6.164e-11,1.029,2.66,111.5,273,0.4135,0.05219,0.9188,0.103,0.7188,0.25,0.25
408,0.03119,1.05,0,0.7533,1.943,106,217,0.3145,0.04572,0.825,-0.01429,0.625,0.5,0.5
409,0.02871,1.284,0.08238,0.9073,2.495,60.41,114,0.2278,0.06876,1.169,-0.05411,0.9688,0.75,0.75
410,0.02905,2.415,0,0.7729,2.178,125.4,256,0.3072,0.05429,0.9188,-0.146,0.7188,0,0
411,0.02559,2.856,0.03208,1.009,2.91,74.72,121,0.2152,1.624,1.013,-0.07876,0.8125,0.5,0.5
412,0.03163,7.996,0,0.76,2.875,101.1,218,0.2935,0.06021,0.9188,-0.2912,0.7188,0,0
413,0.0296,10.7,0,0.8684,2.392,107.3,244,0.2832,0.04307,0.9813,-0.03568,0.7812,0,0
414,0.02429,0.8093,0.2696,1.039,2.442,92.47,147,0.2746,0.02834,0.9188,-0.08142,0.7188,0.25,0.25
415,0.0317,9.915,0,0.7162,2.272,125.1,196,0.2796,0.06266,0.7,-0.1083,0.5,0.25,0.25
416,0.03076,1.536,0,0.9042,2.384,113.8,205,0.3182,0.05328,0.6375,0.0693,0.4375,0.5,0.5
417,0.04148,16.66,0,0.7817,2.577,95.62,207,0.2461,0.09341,0.7625,-0.07305,0.5625,0.25,0.25
418,0.02403,1.226,0,0.9953,2.374,101.2,148,0.2891,0.03733,0.8875,0.123,0.6875,0,0
419,0.02783,3.693,0,0.9103,2.111,102.8,222,0.2723,0.06782,1.106,-0.2133,0.9062,0.5,0.5
420,0.03049,0.8479,0.2412,1.068,2.486,76.22,148,0.3431,0.05017,1.013,0.006772,0.8125,0,0
421,0.0289,1.181,0,0.889,2.532,137.6,372,0.3982,0.03795,0.6688,-0.08916,0.4688,0.5,0.5
422,0.03166,2.705,0,0.8755,2.783,106.1,286,0.4192,0.06688,0.7313,-0.1515,0.5312,0.5,0.5
423,0.0306,2.683,0,0.5927,1.219,124.3,277,0.3296,0.0515,0.6375,-0.076,0.4375,0.5,0.5
424,0.03884,8.743,2.895e-10,1.061,2.793,143.4,259,0.3483,0.04341,0.7625,-0.253,0.5625,0.5,0.5
425,0.02215,0.8613,0.1757,0.9604,2.249,96.75,161,0.2824,0.02567,0.825,-0.1378,0.625,0.25,0.25
426,0.02212,0.8516,0,1.03,2.863,98.34,165,0.2751,0.02688,1.106,-0.08725,0.9062,0.5,0.5
427,0.03328,3.737,0,0.8382,2.391,120.6,292,0.3669,0.03879,0.825,-0.09461,0.625,0.75,0.75
428,0.03441,10.98,0,0.7973,1.97,94.34,159,0.3068,0.04768,0.7313,-0.06615,0.5312,0.25,0.25
429,0.02447,1.084,0,0.8016,1.919,115.9,202,0.292,0.03568,0.7625,-0.1679,0.5625,0.5,0.5
430,0.03475,0.9802,0,0.6793,1.956,79.47,125,0.339,0.05357,1.2,0.001063,1,1,1
431,0.02296,0.9533,0.09133,1.009,2.844,108.3,251,0.2542,0.04293,0.9813,-0.01059,0.7812,0.5,0.5
432,0.02831,0.7303,0.195,1.042,2.184,78.06,136,0.3648,0.03362,0.8563,-0.1642,0.6562,0.5,0.5
433,0.04808,15.22,0,0.6982,2.997,120.5,257,0.3054,0.04484,0.7313,0.01449,0.5312,0.25,0.25
434,0.03012,2.459,0,0.8053,2.212,111.4,224,0.3095,0.04482,0.7625,-0.02327,0.5625,0.25,0.25
435,0.03122,1.74,0.01852,0.8123,2.357,118.1,221,0.301,0.08732,0.7,-0.02589,0.5,0,0
436,0.0415,14.73,0,0.8807,2.792,102,254,0.2637,0.08454,0.9813,-0.08549,0.7812,0.5,0.5
437,0.02608,0.9677,0,1.056,2.631,101.3,188,0.3078,0.03994,1.013,0.04341,0.8125,0.5,0.5
438,0.02406,1.111,0,0.7986,2.008,82.25,170,0.2211,0.04112,1.2,0.0008187,1,1,1
439,0.02986,2,0,0.8796,2.878,110.9,247,0.3692,0.1138,0.6375,-0.02242,0.4375,0.5,0.5
440,0.02554,0.956,0,0.9221,2.226,115.5,196,0.2508,0.0395,0.8563,-0.01641,0.6562,0,0
441,0.03318,5.815,0,0.6617,2.373,129,311,0.3437,0.04607,0.7625,0.0597,0.5625,0.5,0.5
442,0.02926,1.219,0.08575,1.07,2.44,99.06,151,0.3375,0.08648,0.7313,-0.1525,0.5312,0,0
443,0.0368,4.234,0,0.6867,2.66,111.5,174,0.3194,0.05967,0.95,0.0512,0.75,0.25,0.25
444,0.02731,0.9882,0,0.8303,2.277,122.6,271,0.3215,0.03053,0.9188,-0.06131,0.7188,0,0
445,0.03263,12.73,0,0.9515,2.777,92.53,171,0.2685,0.06658,0.825,0.0602,0.625,0.5,0.5
446,0.02813,1.14,0.115,0.7131,2.513,119.7,263,0.2817,0.05132,0.9813,0.04848,0.7812,0.5,0.5
447,0.03226,5.253,0.00221,0.7975,1.981,92.31,156,0.2699,0.04964,1.075,-0.005417,0.875,0.25,0.25
448,0.0332,14.44,0,0.8764,2.629,125.2,217,0.3208,0.0421,0.825,-0.04103,0.625,0.25,0.25
449,0.0267,1.659,0.01407,0.8532,2.328,127.7,407,0.2901,0.03437,0.7625,-0.1736,0.5625,0.25,0.25
450,0.03087,1.087,0.09108,1.01,2.943,96.38,167,0.3439,0.05367,1.106,-0.02101,0.9062,0.75,0.75
451,0.03569,6.503,0,0.6254,2.53,130,221,0.3144,0.05038,0.825,-0.05119,0.625,0.25,0.25
452,0.0334,2.325,0,0.8622,2.697,99.38,166,0.344,0.06254,0.825,0.2233,0.625,0.25,0.25
453,0.03384,2.45,0.01658,0.7895,2.556,110.8,192,0.3245,0.1577,0.8563,-0.1422,0.6562,0.25,0.25
454,0.02253,0.9929,0.2199,1.05,2.005,74.69,125,0.2613,0.04149,1.2,0.0008534,1,1,1
455,0.03066,1.473,0,0.6363,1.765,90.78,144,0.3632,0.05695,0.9813,0.07199,0.7812,0.5,0.5
456,0.02869,0.9111,0,0.8449,2.311,99.91,230,0.3434,0.04442,1.013,0.1071,0.8125,0.5,0.5
457,0.02691,2.044,0,0.7721,1.733,105.5,172,0.3171,0.05069,1.044,-0.06526,0.8438,0.5,0.5
458,0.03144,0.896,0,1.037,2.655,99.06,195,0.4128,0.04458,0.6625,-0.06523,0.4688,0.25,0.25
459,0.03016,0.8772,0,0.9161,2.92,100,168,0.373,0.04237,0.7938,0.01684,0.5938,0.25,0.25
460,0.02362,0.8088,0.2114,0.9168,2.392,88.94,159,0.2557,0.04646,1.013,-0.1443,0.8125,0.5,0.5
461,0.0318,0.808,0,0.7355,2.39,92.53,155,0.3555,0.04778,0.8875,-0.05621,0.6875,0.5,0.5
462,0.03768,14.12,0,0.6589,2.049,108.5,238,0.3918,0.07319,0.7313,0.02905,0.5312,0.25,0.25
463,0.04287,16.6,0,0.8082,2.665,139.7,321,0.4248,0.04719,0.6063,-0.06081,0.4062,0.5,0.5
464,0.02399,9.462,2.631e-05,0.9307,2.865,135.4,430,0.2512,0.0321,0.7938,-0.07024,0.5938,0.25,0.25
465,0.02913,0.9492,0.06184,0.8942,2.949,96.38,196,0.3631,0.04127,0.95,-0.1631,0.75,0.5,0.5
466,0.02908,6.889,0.0003605,0.7383,1.419,131.6,261,0.3409,0.06389,0.8563,-0.02818,0.6562,0.25,0.25
467,0.03735,11.23,0,0.7512,2.417,124.7,268,0.3372,0.05506,0.575,-0.093,0.375,0.25,0.25
468,0.02129,1.108,0.1266,0.8764,2.457,128.9,191,0.2578,0.03144,1.075,-0.1229,0.875,0.5,0.5
469,0.03678,14.94,0,0.5789,2.704,172.2,300,0.2846,0.0382,0.7938,-0.1037,0.5938,0.25,0.25
470,0.03253,0.9017,0.04474,0.7407,1.745,96.31,190,0.418,0.06166,0.7938,-0.0776,0.5938,0.25,0.25
471,0.03419,5.936,0,0.7283,2.393,113.4,700,0.4128,0.04901,1.1,-0.03361,0.9062,0.5,0.5
472,0.02889,0.7397,0.07282,0.8872,2.391,107.5,279,0.3745,0.03851,1.044,0.08695,0.8438,0.75,0.75
473,0.03761,15.22,0,0.7803,2.945,128.5,199,0.3079,0.0678,0.8563,-0.07749,0.6562,0,0
474,0.03336,7.53,0,0.846,2.693,123.3,274,0.4159,0.04574,0.7938,0.1248,0.5938,0.25,0.25
475,0.02652,1.031,0,0.8143,2.013,81.16,219,0.2392,0.06508,1.075,0.008021,0.875,0.25,0.25
476,0.02925,0.9318,0.07798,0.9906,2.45,100.9,214,0.323,0.04746,0.9813,-0.187,0.7812,0.5,0.5
477,0.02255,1.035,0.007512,0.9252,2.693,134.9,202,0.2588,0.03474,0.9813,-0.0821,0.7812,0.25,0.25
478,0.03304,15.56,2.423e-07,0.8708,2.786,117.6,241,0.3257,0.07911,0.9188,-0.04417,0.7188,0.75,0.75
479,0.02484,0.7029,0,0.9386,1.823,92.69,171,0.2572,0.03225,1.106,-0.04447,0.9062,0.75,0.75
480,0.03189,0.7078,0.2679,0.9575,2.561,103.7,219,0.3708,0.03782,0.7625,0.1001,0.5625,0,0
481,0.02832,1.244,0,0.811,2.664,77.75,123,0.2396,0.05611,1.106,-0.05313,0.9062,0.5,0.5
482,0.03549,11.3,0,0.873,2.252,79.44,128,0.2965,0.07016,0.7938,-0.2372,0.5938,0,0
483,0.02898,1.095,0,0.9276,2.764,77.56,178,0.3135,0.0407,1.106,-0.1223,0.9062,0.5,0.5
484,0.03542,14.12,0,0.7069,1.914,100.2,173,0.2926,0.09576,0.825,-0.1081,0.625,0,0
485,0.03502,11.92,0,0.8493,2.503,100.2,230,0.318,0.0814,0.8813,-0.1253,0.6875,0.75,0.75
486,0.03247,1.125,0,1.01,2.471,117.6,395,0.3603,0.0505,0.9188,-0.09475,0.7188,0.25,0.25
487,0.02402,0.8749,0.08768,0.7832,2.035,100.8,142,0.2597,0.04262,1.138,-0.07653,0.9375,0.5,0.5
488,0.02922,1.461,0,0.839,2.536,107.7,210,0.3191,0.06204,1.044,-0.1406,0.8438,0.5,0.5
489,0.03697,17.04,0,0.7902,2.856,108.4,163,0.2875,0.07028,1.013,-0.1213,0.8125,0.5,0.5
490,0.03945,1.227,0,0.6954,1.715,99.38,676,0.4201,0.06291,0.9125,0.01825,0.7188,0.5,0.5
491,0.05005,14.41,0,0.5725,2.041,129,263,0.3658,0.05189,0.95,0.09596,0.75,0.5,0.5
492,0.02618,0.7509,0.1748,1.003,2.747,91.47,223,0.2935,0.0481,0.9188,0.01171,0.7188,0.5,0.5
493,0.02873,1.493,0,0.6531,1.906,114,234,0.3198,0.05982,1.044,-0.01094,0.8438,0.5,0.5
494,0.03435,1.726,0,0.6868,2.6,106.1,204,0.3669,0.07493,0.7625,-0.228,0.5625,0,0
495,0.04837,14.87,0,0.8255,2.359,128.2,315,0.2842,0.09953,0.7938,-0.07238,0.5938,0.75,0.75
496,0.03185,2.608,0,0.7659,2.286,119.1,256,0.2899,0.06992,0.9813,-0.08571,0.7812,0.25,0.25
497,0.02945,1.851,0,0.7465,1.968,96.41,237,0.2471,0.08116,0.95,0.001581,0.75,1,1
498,0.02949,1.323,0.05991,0.9484,2.95,92.78,150,0.2775,0.05567,0.8563,-0.1889,0.6562,0.5,0.5
499,0.03297,1.099,0.1221,0.9126,2.69,85.72,125,0.2546,0.0616,0.9188,-0.09008,0.7188,0.25,0.25
500,0.03496,1.504,0.01331,0.804,2.429,89.41,176,0.3638,0.06279,0.8563,-0.003122,0.6562,0.5,0.5
